INSERT INTO teams(id,name,country) VALUES
                                      (1,'Barcelona','Spain'),
                                      (2,'Real Madrid','Spain'),
                                      (3,'Manchester City','England'),
                                      (4,'Liverpool','England'),
                                      (5,'Bayern Munich','Germany'),
                                      (6,'Borussia Dortmund','Germany'),
                                      (7,'Juventus','Italy'),
                                      (8,'Inter Milan','Italy'),
                                      (9,'PSG','France'),
                                      (10,'Arsenal','England');
INSERT INTO players
(id, first_name, second_name, last_name, date_of_birth, position, team_id)
VALUES

    (1,'Marc','Andre','ter Stegen','1992-04-30','goalkeeper',1),
    (2,'Ronald',' ','Araujo','1999-03-07','defender',1),
    (3,'Jules',' ','Kounde','1998-11-12','defender',1),
    (4,'Alejandro',' ','Balde','2003-10-18','defender',1),
    (5,'Andreas',' ','Christensen','1996-04-10','defender',1),
    (6,'Pedri',' ','Gonzalez','2002-11-25','midfielder',1),
    (7,'Frenkie','de','Jong','1997-05-12','midfielder',1),
    (8,'Ilkay',' ','Gundogan','1990-10-24','midfielder',1),
    (9,'Gavi',' ','Paez','2004-08-05','midfielder',1),
    (10,'Robert',' ','Lewandowski','1988-08-21','forward',1),
    (11,'Raphinha',' ','Belloli','1996-12-14','forward',1),
    (12,'Ferran',' ','Torres','2000-02-29','forward',1),
    (13,'Joao',' ','Felix','1999-11-10','forward',1),
    (14,'Inigo',' ','Martinez','1991-06-17','defender',1),
    (15,'Oriol',' ','Romeu','1991-09-24','midfielder',1),


    (16,'Thibaut',' ','Courtois','1992-05-11','goalkeeper',2),
    (17,'Dani',' ','Carvajal','1992-01-11','defender',2),
    (18,'Antonio',' ','Rudiger','1993-03-03','defender',2),
    (19,'David',' ','Alaba','1992-06-24','defender',2),
    (20,'Ferland',' ','Mendy','1995-06-08','defender',2),
    (21,'Luka',' ','Modric','1985-09-09','midfielder',2),
    (22,'Toni',' ','Kroos','1990-01-04','midfielder',2),
    (23,'Federico',' ','Valverde','1998-07-22','midfielder',2),
    (24,'Jude',' ','Bellingham','2003-06-29','midfielder',2),
    (25,'Eduardo',' ','Camavinga','2002-11-10','midfielder',2),
    (26,'Vinicius',' ','Junior','2000-07-12','forward',2),
    (27,'Rodrygo',' ','Goes','2001-01-09','forward',2),
    (28,'Joselu',' ','Mato','1990-03-27','forward',2),
    (29,'Brahim',' ','Diaz','1999-08-03','forward',2),
    (30,'Arda',' ','Guler','2005-02-25','midfielder',2),


    (31,'Ederson',' ','Moraes','1993-08-17','goalkeeper',3),
    (32,'Kyle',' ','Walker','1990-05-28','defender',3),
    (33,'John',' ','Stones','1994-05-28','defender',3),
    (34,'Ruben',' ','Dias','1997-05-14','defender',3),
    (35,'Nathan',' ','Ake','1995-02-18','defender',3),
    (36,'Rodri',' ','Hernandez','1996-06-22','midfielder',3),
    (37,'Kevin',' ','De Bruyne','1991-06-28','midfielder',3),
    (38,'Bernardo',' ','Silva','1994-08-10','midfielder',3),
    (39,'Phil',' ','Foden','2000-05-28','midfielder',3),
    (40,'Julian',' ','Alvarez','2000-01-31','forward',3),
    (41,'Erling',' ','Haaland','2000-07-21','forward',3),
    (42,'Jack',' ','Grealish','1995-09-10','forward',3),
    (43,'Mateo',' ','Kovacic','1994-05-06','midfielder',3),
    (44,'Jeremy',' ','Doku','2002-05-27','forward',3),
    (45,'Manuel',' ','Akanji','1995-07-19','defender',3),


    (46,'Alisson',' ','Becker','1992-10-02','goalkeeper',4),
    (47,'Virgil',' ','van Dijk','1991-07-08','defender',4),
    (48,'Andrew',' ','Robertson','1994-03-11','defender',4),
    (49,'Trent',' ','Alexander-Arnold','1998-10-07','defender',4),
    (50,'Ibrahima',' ','Konate','1999-05-25','defender',4),
    (51,'Alexis',' ','Mac Allister','1998-12-24','midfielder',4),
    (52,'Dominik',' ','Szoboszlai','2000-10-25','midfielder',4),
    (53,'Curtis',' ','Jones','2001-01-30','midfielder',4),
    (54,'Mohamed',' ','Salah','1992-06-15','forward',4),
    (55,'Darwin',' ','Nunez','1999-06-24','forward',4),
    (56,'Luis',' ','Diaz','1997-01-13','forward',4),
    (57,'Diogo',' ','Jota','1996-12-04','forward',4),
    (58,'Cody',' ','Gakpo','1999-05-07','forward',4),
    (59,'Wataru',' ','Endo','1993-02-09','midfielder',4),
    (60,'Joel',' ','Matip','1991-08-08','defender',4),


    (61,'Manuel',' ','Neuer','1986-03-27','goalkeeper',5),
    (62,'Dayot',' ','Upamecano','1998-10-27','defender',5),
    (63,'Kim',' ','Min-jae','1996-11-15','defender',5),
    (64,'Matthijs',' ','de Ligt','1999-08-12','defender',5),
    (65,'Alphonso',' ','Davies','2000-11-02','defender',5),
    (66,'Joshua',' ','Kimmich','1995-02-08','midfielder',5),
    (67,'Leon',' ','Goretzka','1995-02-06','midfielder',5),
    (68,'Konrad',' ','Laimer','1997-05-27','midfielder',5),
    (69,'Jamal',' ','Musiala','2003-02-26','midfielder',5),
    (70,'Kingsley',' ','Coman','1996-06-13','forward',5),
    (71,'Serge',' ','Gnabry','1995-07-14','forward',5),
    (72,'Leroy',' ','Sane','1996-01-11','forward',5),
    (73,'Harry',' ','Kane','1993-07-28','forward',5),
    (74,'Eric',' ','Choupo-Moting','1989-03-23','forward',5),
    (75,'Noussair',' ','Mazraoui','1997-11-14','defender',5),


    (76,'Gregor',' ','Kobel','1997-12-06','goalkeeper',6),
    (77,'Mats',' ','Hummels','1988-12-16','defender',6),
    (78,'Nico',' ','Schlotterbeck','1999-12-01','defender',6),
    (79,'Niklas',' ','Sule','1995-09-03','defender',6),
    (80,'Julian',' ','Ryerson','1997-11-17','defender',6),
    (81,'Emre',' ','Can','1994-01-12','midfielder',6),
    (82,'Julian',' ','Brandt','1996-05-02','midfielder',6),
    (83,'Marcel',' ','Sabitzer','1994-03-17','midfielder',6),
    (84,'Marco',' ','Reus','1989-05-31','midfielder',6),
    (85,'Karim',' ','Adeyemi','2002-01-18','forward',6),
    (86,'Donyell',' ','Malen','1999-01-19','forward',6),
    (87,'Youssoufa',' ','Moukoko','2004-11-20','forward',6),
    (88,'Niclas',' ','Fullkrug','1993-02-09','forward',6),
    (89,'Sebastien',' ','Haller','1994-06-22','forward',6),
    (90,'Felix',' ','Nmecha','2000-10-10','midfielder',6),


    (91,'Wojciech',' ','Szczesny','1990-04-18','goalkeeper',7),
    (92,'Danilo',' ','Luiz','1991-07-15','defender',7),
    (93,'Bremer',' ','Silva','1997-03-18','defender',7),
    (94,'Alex',' ','Sandro','1991-01-26','defender',7),
    (95,'Andrea',' ','Cambiaso','2000-02-20','defender',7),
    (96,'Manuel',' ','Locatelli','1998-01-08','midfielder',7),
    (97,'Adrien',' ','Rabiot','1995-04-03','midfielder',7),
    (98,'Weston',' ','McKennie','1998-08-28','midfielder',7),
    (99,'Paul',' ','Pogba','1993-03-15','midfielder',7),
    (100,'Filip',' ','Kostic','1992-11-01','forward',7),
    (101,'Federico',' ','Chiesa','1997-10-25','forward',7),
    (102,'Dusan',' ','Vlahovic','2000-01-28','forward',7),
    (103,'Moise',' ','Kean','2000-02-28','forward',7),
    (104,'Arkadiusz',' ','Milik','1994-02-28','forward',7),
    (105,'Samuel',' ','Iling-Junior','2003-10-04','midfielder',7),


    (106,'Yann',' ','Sommer','1988-12-17','goalkeeper',8),
    (107,'Alessandro',' ','Bastoni','1999-04-13','defender',8),
    (108,'Francesco',' ','Acerbi','1988-02-10','defender',8),
    (109,'Benjamin',' ','Pavard','1996-03-28','defender',8),
    (110,'Stefan',' ','de Vrij','1992-02-05','defender',8),
    (111,'Hakan',' ','Calhanoglu','1994-02-08','midfielder',8),
    (112,'Nicolo',' ','Barella','1997-02-07','midfielder',8),
    (113,'Henrikh',' ','Mkhitaryan','1989-01-21','midfielder',8),
    (114,'Davide',' ','Frattesi','1999-09-22','midfielder',8),
    (115,'Lautaro',' ','Martinez','1997-08-22','forward',8),
    (116,'Marcus',' ','Thuram','1997-08-06','forward',8),
    (117,'Marko',' ','Arnautovic','1989-04-19','forward',8),
    (118,'Alexis',' ','Sanchez','1988-12-19','forward',8),
    (119,'Denzel',' ','Dumfries','1996-04-18','defender',8),
    (120,'Kristjan',' ','Asllani','2002-03-09','midfielder',8),



    (121,'Gianluigi',' ','Donnarumma','1999-02-25','goalkeeper',9),
    (122,'Achraf',' ','Hakimi','1998-11-04','defender',9),
    (123,'Marquinhos',' ','Correa','1994-05-14','defender',9),
    (124,'Milan',' ','Skriniar','1995-02-11','defender',9),
    (125,'Presnel',' ','Kimpembe','1995-08-13','defender',9),
    (126,'Vitinha',' ','Machado','2000-02-13','midfielder',9),
    (127,'Manuel',' ','Ugarte','2001-04-11','midfielder',9),
    (128,'Warren',' ','Zaire-Emery','2006-03-08','midfielder',9),
    (129,'Marco',' ','Asensio','1996-01-21','forward',9),
    (130,'Ousmane',' ','Dembele','1997-05-15','forward',9),
    (131,'Goncalo',' ','Ramos','2001-06-20','forward',9),
    (132,'Randal',' ','Kolo Muani','1998-12-05','forward',9),
    (133,'Bradley',' ','Barcola','2002-09-02','forward',9),
    (134,'Carlos',' ','Soler','1997-01-02','midfielder',9),
    (135,'Danilo',' ','Pereira','1991-09-09','defender',9),


    (136,'Aaron',' ','Ramsdale','1998-05-14','goalkeeper',10),
    (137,'Ben',' ','White','1997-10-08','defender',10),
    (138,'William',' ','Saliba','2001-03-24','defender',10),
    (139,'Gabriel',' ','Magalhaes','1997-12-19','defender',10),
    (140,'Oleksandr',' ','Zinchenko','1996-12-15','defender',10),
    (141,'Thomas',' ','Partey','1993-06-13','midfielder',10),
    (142,'Declan',' ','Rice','1999-01-14','midfielder',10),
    (143,'Martin',' ','Odegaard','1998-12-17','midfielder',10),
    (144,'Kai',' ','Havertz','1999-06-11','midfielder',10),
    (145,'Bukayo',' ','Saka','2001-09-05','forward',10),
    (146,'Gabriel',' ','Martinelli','2001-06-18','forward',10),
    (147,'Leandro',' ','Trossard','1994-12-04','forward',10),
    (148,'Eddie',' ','Nketiah','1999-05-30','forward',10),
    (149,'Reiss',' ','Nelson','1999-12-10','forward',10),
    (150,'Jurrien',' ','Timber','2001-06-17','defender',10);

INSERT INTO matches
(id, match_date, match_time, team_one_id, team_two_id, score_team_one, score_team_two, tournament_id)
VALUES
    (1,'2025-05-01','19:00',1,2,2,1,1),
    (2,'2025-05-02','20:00',3,5,1,1,1),
    (3,'2025-05-03','18:30',9,10,0,2,1),

    (4,'2025-05-04','21:00',4,7,3,0,2),
    (5,'2025-05-05','19:45',8,6,2,2,2),
    (6,'2025-05-06','20:30',2,3,1,4,2),

    (7,'2025-05-07','18:00',5,4,0,1,3),
    (8,'2025-05-08','21:00',7,9,2,3,3),
    (9,'2025-05-09','19:30',10,6,1,1,3),
    (10,'2025-05-10','20:45',1,8,2,2,3);

INSERT INTO tournaments(id,name,country,type,start_date,end_date)
VALUES
    (1,'Demo Champions League','EU','INTERNATIONAL','2025-02-01','2025-05-30'),
    (2,'Demo Europa League','EU','INTERNATIONAL','2025-02-01','2025-04-30'),
    (3,'National League','EU','LEAGUE','2025-03-01','2025-10-01');

INSERT INTO player_stat
(player_id, match_id, goals, assists, yellow_cards, red_cards,
 minutes_played, rating, shots_on_target, passes_completed, tackles, saves)
VALUES

(10,1,1,0,0,0,90,7.8,4,21,1,0),
(7,1,0,2,0,0,90,8.4,1,65,3,0),
(24,1,1,0,0,0,90,7.7,3,47,4,0),
(26,1,0,1,1,0,90,7.3,4,29,1,0),

(41,2,2,0,0,0,87,9.1,6,15,0,0),
(37,2,1,1,0,0,90,8.8,3,68,2,0),
(54,2,1,0,1,0,90,7.9,3,28,0,0),
(56,2,0,1,0,0,82,7.5,2,20,1,0),

(73,3,2,0,0,0,90,9.0,5,17,0,0),
(69,3,1,1,0,0,88,8.5,3,44,2,0),
(88,3,1,0,1,0,90,7.6,3,14,0,0),
(84,3,0,1,0,0,79,7.2,1,36,2,0),

(102,4,1,0,0,0,90,8.1,4,13,0,0),
(111,4,0,2,0,0,90,8.6,1,81,3,0),
(115,4,1,0,1,0,90,7.8,3,21,1,0),
(96,4,0,1,0,0,90,7.3,0,59,4,0),

(132,5,1,0,0,0,88,8.0,4,16,0,0),
(126,5,0,1,0,0,90,7.6,1,74,2,0),
(145,5,1,1,0,0,90,8.5,3,33,2,0),
(143,5,0,1,0,0,90,8.1,1,71,3,0);

INSERT INTO team_stat
(team_id, match_id,
 total_goals, total_assists,
 yellow_cards, red_cards,
 shots_on_target, possession_percent,
 passes_completed, tackles, saves, rating)

VALUES


(1,1,2,2,1,0,7,56,540,18,3,8.2),
(2,1,1,1,2,0,5,44,460,21,4,7.8),

(3,2,3,2,0,0,9,62,605,15,2,8.9),
(4,2,1,1,2,0,4,38,392,22,5,7.3),

(5,3,3,1,1,0,8,59,550,17,3,8.8),
(6,3,1,1,3,0,3,41,424,24,6,7.2),

(7,4,1,1,1,0,5,48,462,20,3,7.4),
(8,4,2,2,2,0,6,52,490,16,2,8.1),

(9,5,1,1,2,0,5,46,472,19,3,7.6),
(10,5,2,2,1,0,7,54,533,14,1,8.3);

INSERT INTO roles(id, role) VALUES
                                (1, 'ROLE_ADMIN'),
                                (2, 'ROLE_EDITOR'),
                                (3, 'ROLE_USER');

INSERT INTO users(id, username, password) VALUES
                                              (1, 'admin', '$2a$10$4CFZJ6G4kDfmVxuxMxDP.eCYwH.3Tjd8sDxeqmoeZaZX6mE6xPD7O'),
                                              (2, 'editor', '$2a$10$kqIY6qd7qV3CyMfCVx/gUuQk0u5QGehGII4XESyqSeX5TR1f0NenC'),
                                              (3, 'user', '$2a$10$G6e5kLlwM651c01qmPvQeu6YewsGQIOzBSSMSmc5QwDFi1Cdm42H2');

INSERT INTO user_roles(user_id, role_id) VALUES
                                             (1, 1),
                                             (2, 2),
                                             (3, 3);
